1.05,0.6,2,petz,8.0333960497114276e-06,2.0653088444018465e-04,4.9828335964898565e-05
1.05,0.6,2,rotated,8.0333960497114276e-06,1.7793255005795882e-04,4.8052525898164819e-05
1.05,0.6,3,petz,8.7407570958930592e-08,1.7966896842785664e-06,4.7300847755150321e-07
1.05,0.6,3,rotated,8.7407570958930592e-08,5.6499766570748146e-06,1.6425582225916288e-06
1.05,0.6,4,rotated,1.0517995363557020e-09,2.2734698244143089e-07,6.6632831739200168e-08
1.05,0.6,5,rotated,1.3200107673583261e-11,9.2680747374470599e-09,2.7024300881417122e-09
1.05,0.3,1,petz,2.8107310415137476e-05,1.9390900032022324e-03,2.1051906713044922e-04
1.05,0.3,1,rotated,2.8107310415137476e-05,3.3374595262820064e-04,4.3897843386114266e-05
1.05,0.3,2,petz,1.9121920047382446e-08,9.6920566023799144e-06,1.0530661667714768e-06
1.05,0.3,2,rotated,1.9121920047382446e-08,3.8799483413475993e-06,4.8456026823398328e-07
1.05,0.3,3,petz,1.8259171952195175e-11,1.8662546055389328e-08,2.0526321251292123e-09
1.05,0.3,3,rotated,1.8259171952195175e-11,3.9793932926372012e-08,4.9390400721198799e-09
1.05,0.3,4,petz,1.9539925233402755e-14,5.5102286827156815e-11,6.6129623807010236e-12
1.05,0.3,4,rotated,1.9539925233402755e-14,3.7141997732780111e-10,4.6449893764646729e-11
1.05,0.3,5,petz,-8.8817841970012523e-16,2.6347153984383511e-13,3.8412487896246140e-14
1.05,0.3,5,rotated,-8.8817841970012523e-16,3.1877130042439088e-12,4.1153165049378564e-13
1.05,0.3,6,petz,-8.8817841970012523e-16,4.1073172562429943e-15,4.8953427910816682e-16
1.05,0.3,6,rotated,-8.8817841970012523e-16,2.6071410337669492e-14,3.5721875327588744e-15
1.05,0.6,1,petz,9.8200363092537657e-04,9.6190848291836384e-03,2.3267747487151999e-03
1.05,0.6,1,rotated,9.8200363092537657e-04,5.7633786822072659e-03,1.5509147728402857e-03
1.05,0.6,4,petz,1.0517995363557020e-09,3.5580436720084346e-08,1.0447783521718134e-08
1.05,0.6,5,petz,1.3200107673583261e-11,1.1958089727937971e-09,3.5685951913707880e-10
1.05,0.6,6,petz,1.7053025658242404e-13,4.0971057642325396e-11,1.2335024235234596e-11
1.05,0.6,6,rotated,1.7053025658242404e-13,3.4695463818967291e-10,1.0240987255785954e-10
1.1,0.3,1,petz,3.0564548540112924e-05,2.0216522947839929e-03,2.2480194378702114e-04
1.1,0.3,1,rotated,3.0564548540112924e-05,3.6307888630516394e-04,4.8902300482349987e-05
1.1,0.3,2,petz,2.2669941479591671e-08,1.0577966116843606e-05,1.1771869554796755e-06
1.1,0.3,2,rotated,2.2669941479591671e-08,4.3735860288865399e-06,5.5998329395576423e-07
1.1,0.3,3,petz,2.3589130648815626e-11,2.1492401102783643e-08,2.4217656351299564e-09
1.1,0.3,3,rotated,2.3589130648815626e-11,4.6419948146039854e-08,5.9079518424061249e-09
1.1,0.3,4,petz,2.4868995751603507e-14,6.4623460227334176e-11,7.9815012524779764e-12
1.1,0.3,4,rotated,2.4868995751603507e-14,4.4767429266856577e-10,5.7475369509088593e-11
1.1,0.3,5,petz,-8.8817841970012523e-16,3.2525774030843810e-13,4.8659149089203135e-14
1.1,0.3,5,rotated,-8.8817841970012523e-16,3.9766510860123567e-12,5.2872532199656075e-13
1.1,0.3,6,petz,-1.7763568394002505e-15,4.6107314440246575e-15,5.6424222563548275e-16
1.1,0.3,6,rotated,-1.7763568394002505e-15,3.3842201421635778e-14,4.8063906781850293e-15
1.1,0.6,1,petz,1.0479943556749305e-03,9.9732665435078235e-03,2.5116089129295113e-03
1.1,0.6,1,rotated,1.0479943556749305e-03,6.1399723966827019e-03,1.7178753214518020e-03
1.1,0.6,2,petz,9.2231350938831724e-06,2.2241097293815109e-04,5.5819970752804430e-05
1.1,0.6,2,rotated,9.2231350938831724e-06,1.9265174938972373e-04,5.4269780501842659e-05
1.1,0.6,3,petz,1.0772555558702379e-07,2.0918241843005574e-06,5.6997407111461405e-07
1.1,0.6,3,rotated,1.0772555558702379e-07,6.3874172954464649e-06,1.9344207730752220e-06
1.1,0.6,4,petz,1.3919656538519121e-09,4.1870277594092335e-08,1.2695750871133026e-08
1.1,0.6,4,rotated,1.3919656538519121e-09,2.7235710152865370e-07,8.2556336708860555e-08
1.1,0.6,5,petz,1.8756551867227245e-11,1.4847199937448927e-09,4.5590233625548187e-10
1.1,0.6,5,rotated,1.8756551867227245e-11,1.1495140937279531e-08,3.4697528660308902e-09
1.1,0.6,6,petz,2.5845992013273644e-13,5.2979357901738193e-11,1.6382854472190206e-11
1.1,0.6,6,rotated,2.5845992013273644e-13,4.4430771655805072e-10,1.3591737894005083e-10
1.2,0.3,1,petz,3.5667419657769983e-05,2.1829366485376259e-03,2.5520233789277864e-04
1.2,0.3,1,rotated,3.5667419657769983e-05,4.2459775505968164e-04,6.0099287227648650e-05
1.2,0.3,2,petz,3.1041410331056341e-08,1.2440476497737163e-05,1.4555408071611171e-06
1.2,0.3,2,rotated,3.1041410331056341e-08,5.4534015418363965e-06,7.3539515116090531e-07
1.2,0.3,3,petz,3.7866598745495139e-11,2.7973456462051809e-08,3.3146362329315558e-09
1.2,0.3,3,rotated,3.7866598745495139e-11,6.1520602389949376e-08,8.2502489218645005e-09
1.2,0.3,4,petz,5.1514348342607263e-14,8.6326210469595407e-11,1.1306126366423017e-11
1.2,0.3,4,rotated,5.1514348342607263e-14,6.2852844848129880e-10,8.5252886270304958e-11
1.2,0.3,5,petz,-8.8817841970012523e-16,4.8528659330205453e-13,7.5834622348471585e-14
1.2,0.3,5,rotated,-8.8817841970012523e-16,5.9443430293535726e-12,8.4128386819307858e-13
1.2,0.3,6,petz,0.0000000000000000e+00,6.5756229861953834e-15,8.7962009472557389e-16
1.2,0.3,6,rotated,0.0000000000000000e+00,5.5406016513133961e-14,8.4233186052560406e-15
1.2,0.6,1,petz,1.1757669380312308e-03,1.0641405955469058e-02,2.9109336481268244e-03
1.2,0.6,1,rotated,1.1757669380312308e-03,6.8715786284590224e-03,2.0839960709679189e-03
1.2,0.6,2,petz,1.1807234231220320e-05,2.5471311716082466e-04,6.9323144834028153e-05
1.2,0.6,2,rotated,1.1807234231220320e-05,2.2079280611761340e-04,6.7703368212729552e-05
1.2,0.6,3,petz,1.5662746033484609e-07,2.7647705977820805e-06,8.0765499312322520e-07
1.2,0.6,3,rotated,1.5662746033484609e-07,7.9916379796159527e-06,2.6138789496607656e-06
1.2,0.6,4,petz,2.3001636151320781e-09,5.7171071950964461e-08,1.8490946651425759e-08
1.2,0.6,4,rotated,2.3001636151320781e-09,3.7738357160754014e-07,1.2235918407411879e-07
1.2,0.6,5,petz,3.5230485195825167e-11,2.2444245797992471e-09,7.2815122970498119e-10
1.2,0.6,5,rotated,3.5230485195825167e-11,1.6889252551503126e-08,5.4674739319126908e-09
1.2,0.6,6,petz,5.5067062021407764e-13,8.6777988249525828e-11,2.8303837373224733e-11
1.2,0.6,6,rotated,5.5067062021407764e-13,6.9457404125561107e-10,2.2819494041380938e-10
1.5,0.3,1,petz,5.2074810415803086e-05,2.6336675199501343e-03,3.6298747222502839e-04
1.5,0.3,1,rotated,5.2074810415803086e-05,6.2872238746089417e-04,1.0485726635924995e-04
1.5,0.3,2,petz,6.7433784778359041e-08,1.8661883176257614e-05,2.5733652184336830e-06
1.5,0.3,2,rotated,6.7433784778359041e-08,9.3583300617053713e-06,1.4952576534361285e-06
1.5,0.3,3,petz,1.2195044973850599e-10,5.4694915183424274e-08,7.6299523417979186e-09
1.5,0.3,3,rotated,1.2195044973850599e-10,1.2064828850772425e-07,1.9215007718315845e-08
1.5,0.3,4,petz,2.4868995751603507e-13,1.7226313003299173e-10,2.7097675134087678e-11
1.5,0.3,4,rotated,2.4868995751603507e-13,1.3947416602841302e-09,2.2787529329387701e-10
1.5,0.3,5,petz,2.6645352591003757e-15,1.4613176666806859e-12,2.5710776305429111e-13
1.5,0.3,5,rotated,2.6645352591003757e-15,1.5607085999066103e-11,2.7532828396310889e-12
1.5,0.3,6,petz,8.8817841970012523e-16,2.2727303730568336e-14,3.7895578361129261e-15
1.5,0.3,6,rotated,8.8817841970012523e-16,2.1476596936128645e-13,3.7714968140691973e-14
1.5,0.6,1,petz,1.5072833684262044e-03,1.2307316379629804e-02,4.3421864736727317e-03
1.5,0.6,1,rotated,1.5072833684262044e-03,8.8121138773750440e-03,3.4428747463319614e-03
1.5,0.6,2,petz,2.0537151942168208e-05,3.5589709955025897e-04,1.2458091927360635e-04
1.5,0.6,2,rotated,2.0537151942168208e-05,2.8993151521233476e-04,1.1379328527575002e-04
1.5,0.6,3,petz,3.6349557808179611e-07,5.4463553628920999e-06,1.9697229892267785e-06
1.5,0.6,3,rotated,3.6349557808179611e-07,1.4167758071808826e-05,5.7004064847114229e-06
1.5,0.6,4,petz,7.1415824365317349e-09,1.4066766733338439e-07,5.6349876923186594e-08
1.5,0.6,4,rotated,7.1415824365317349e-09,8.3599796454599696e-07,3.3678140633541159e-07
1.5,0.6,5,petz,1.4638334988603674e-10,6.9424611454232510e-09,2.7743697258066526e-09
1.5,0.6,5,rotated,1.4638334988603674e-10,4.3436128834168966e-08,1.7735398702226167e-08
1.5,0.6,6,petz,3.0717650645328831e-12,3.3462122920699738e-10,1.3736643567652562e-10
1.5,0.6,6,rotated,3.0717650645328831e-12,2.2594995793757484e-09,9.3717649043085247e-10
1.2,1.0,1,petz,8.3114676490092521e-03,2.5289136687735719e-02,1.3698076436866947e-02
1.2,1.0,2,petz,3.7997986644944248e-04,1.6572538650523735e-03,8.4951128151499464e-04
1.2,1.0,3,petz,2.0806928195060692e-05,7.5807360064431112e-05,4.2519674532065881e-05
1.2,1.0,4,petz,1.2391678310130771e-06,5.2054159530760948e-06,2.9347727385753376e-06
1.2,1.0,5,petz,7.6316880814886190e-08,4.9420117391377479e-07,2.7843033628640538e-07
1.2,1.0,6,petz,4.7764787680648624e-09,4.7340953174642102e-08,2.6893182587270792e-08
1.2,1.5,1,petz,2.4277140010373843e-02,4.6748752638259936e-02,3.6829672278770126e-02
1.2,1.5,2,petz,2.8244814445486099e-03,5.7502681464367735e-03,4.1777190808432330e-03
1.2,1.5,3,petz,3.7031660610531425e-04,6.8982602712789492e-04,5.2928135580079523e-04
1.2,1.5,4,petz,5.1346958771070206e-05,1.0751642761979215e-04,8.0485822211912717e-05
1.2,1.5,5,petz,7.2733813767378308e-06,1.8528789624774691e-05,1.3833891035023813e-05
1.2,1.5,6,petz,1.0329088098171013e-06,3.2859176249026751e-06,2.4732731970180818e-06
1.2,2.0,1,petz,4.1491114023090914e-02,6.7352760245342841e-02,6.2279223275954879e-02
1.2,2.0,2,petz,7.7667156695488959e-03,1.0993963670970214e-02,9.5208756670103010e-03
1.2,2.0,3,petz,1.6443536619268340e-03,2.3285895702355084e-03,2.0407226265321348e-03
1.2,2.0,4,petz,3.6216435963964955e-04,5.9022264832490467e-04,5.0707245962503574e-04
1.2,2.0,5,petz,8.0727426844839911e-05,1.5089384860586132e-04,1.2754070376255733e-04
1.2,2.0,6,petz,1.7839521162965610e-05,3.9642887299001266e-05,3.3838877273838097e-05
1.5,1.0,1,petz,9.1686413439813208e-03,2.8704703902871796e-02,1.9525684565847839e-02
1.5,1.0,2,petz,5.1024248615405554e-04,2.3672058815693039e-03,1.6012377467566426e-03
1.5,1.0,3,petz,3.2969683357197965e-05,1.1912291501986645e-04,7.6575271362546547e-05
1.5,1.0,4,petz,2.3246207545568609e-06,1.1963348869723597e-05,8.3122600219520487e-06
1.5,1.0,5,petz,1.6949119174825000e-07,1.3672986484302059e-06,9.7030155908776732e-07
1.5,1.0,6,petz,1.2535682714087670e-08,1.5368951037000630e-07,1.1302655540801298e-07
1.5,1.5,1,petz,2.3428697930625964e-02,4.8431441557107935e-02,4.5363156044525697e-02
1.5,1.5,2,petz,2.9323929587898867e-03,6.9221663061270504e-03,6.3143576823935432e-03
1.5,1.5,3,petz,4.1362442556347467e-04,8.7960051506015199e-04,7.1954516796993628e-04
1.5,1.5,4,petz,6.1736786426846990e-05,2.1480868460483472e-04,1.9576700482100076e-04
1.5,1.5,5,petz,9.4003044042167971e-06,4.3455347700950981e-05,4.0061587483395490e-05
1.5,1.5,6,petz,1.4299991668575984e-06,8.5387558925872505e-06,8.0846842869947375e-06
1.5,2.0,1,petz,3.6294896837838153e-02,6.3077415953693164e-02,6.6699214708479893e-02
1.5,2.0,2,petz,6.5055515135019615e-03,1.0109954996809192e-02,9.9327202970857752e-03
1.5,2.0,3,petz,1.3739757870655511e-03,2.4022754937812851e-03,2.1946052976784692e-03
1.5,2.0,4,petz,3.0682673555415541e-04,8.7942307587604498e-04,8.6888257239897833e-04
1.5,2.0,5,petz,6.9563083568535689e-05,2.8163892849321543e-04,2.8545829490828105e-04
1.5,2.0,6,petz,1.5619761078000671e-05,8.3161465108024630e-05,8.7048079735110086e-05
